family,subtype,instance_type,n,VAR(canonical),VAR(W3),VAR(W6),VRI_gap,DTS_ALGO,PDAS/GSS,CCI_mean,TEP_mean,Contamination-CSS slope
BW,PlanBench,standard,321,"0.486 [0.433, 0.542]","0.286 [0.238, 0.334]","0.503 [0.447, 0.560]","0.082 [0.082, 0.082]",---,"0.002 [-0.431, 0.388]","0.045 [0.014, 0.086]","0.500 [0.000, 1.000]",-3.0249
BW,MBW,MBW,55,"0.000 [0.000, 0.000]","0.183 [0.100, 0.283]","0.000 [0.000, 0.000]","-0.183 [-0.183, -0.183]",---,"0.000 [0.000, 0.000]",,,-1.5301
GSM,gsm_symbolic,high,69,"0.855 [0.768, 0.928]","0.493 [0.377, 0.609]","0.750 [0.583, 0.917]","0.140 [0.140, 0.140]",---,---,"0.262 [0.155, 0.422]","0.282 [0.100, 0.539]",0.0000
GSM,gsm_p1p2,medium,15,"0.733 [0.533, 0.933]","0.533 [0.267, 0.800]",,"-0.067 [-0.067, -0.067]",---,---,"0.262 [0.155, 0.422]","0.282 [0.100, 0.539]",0.0000
ALGO,coin_change,adversarial,30,"0.500 [0.333, 0.667]","0.200 [0.067, 0.333]","0.250 [0.100, 0.450]","0.289 [0.289, 0.289]","0.150 [0.100, 0.200]",,,,-3.0923
ALGO,shortest_path,standard,63,"0.254 [0.143, 0.365]","0.159 [0.079, 0.254]","0.164 [0.082, 0.262]","0.206 [0.206, 0.206]","0.095 [-0.048, 0.333]","-0.281 [-0.789, 0.000]",,,0.8036
ALGO,shortest_path,adversarial,102,"0.373 [0.284, 0.471]","0.088 [0.039, 0.147]","0.192 [0.121, 0.273]","0.317 [0.317, 0.317]","0.179 [0.000, 0.389]",,,,0.3164
ALGO,wis,standard,39,"0.077 [0.000, 0.179]","0.026 [0.000, 0.077]","0.000 [0.000, 0.000]","0.060 [0.060, 0.060]","0.077 [0.000, 0.154]",,,,-0.4878
ALGO,wis,adversarial,51,"0.255 [0.137, 0.373]","0.020 [0.000, 0.059]","0.000 [0.000, 0.000]","0.039 [0.039, 0.039]","0.255 [0.059, 0.353]",,,,-2.0248
