problem_id,problem_family,variant_type,model,crystallization_layer,n_layers_processed,layer_cosine_similarities
CC_01,Coin Change,canonical,Qwen/Qwen2.5-0.5B-Instruct,-1,24,"[0.8414, 0.9037, 0.8805, 0.8556, 0.8171, 0.8175, 0.8244, 0.8327, 0.8142, 0.821, 0.8382, 0.8365, 0.8363, 0.8256, 0.8403, 0.8549, 0.8441, 0.8529, 0.8601, 0.8576, 0.8849, 0.9079, 0.8963, 0.7632]"
CC_02,Coin Change,canonical,Qwen/Qwen2.5-0.5B-Instruct,-1,24,"[0.6893, 0.8188, 0.7814, 0.746, 0.6714, 0.6758, 0.6892, 0.7034, 0.6741, 0.6939, 0.7137, 0.7148, 0.7181, 0.7045, 0.7339, 0.7657, 0.7476, 0.7731, 0.794, 0.7916, 0.8373, 0.8709, 0.8609, 0.6741]"
CC_03,Coin Change,canonical,Qwen/Qwen2.5-0.5B-Instruct,-1,24,"[0.6885, 0.8187, 0.7813, 0.7473, 0.6721, 0.6762, 0.6889, 0.7032, 0.6739, 0.6937, 0.7139, 0.715, 0.7185, 0.7042, 0.734, 0.7657, 0.7476, 0.7732, 0.7937, 0.7923, 0.8384, 0.8716, 0.8609, 0.6756]"
CC_04,Coin Change,canonical,Qwen/Qwen2.5-0.5B-Instruct,-1,24,"[0.8416, 0.9048, 0.8842, 0.8595, 0.8183, 0.8201, 0.8275, 0.8356, 0.8196, 0.827, 0.8438, 0.8431, 0.8424, 0.83, 0.8435, 0.8579, 0.8467, 0.8571, 0.8641, 0.8617, 0.8903, 0.9117, 0.9014, 0.7769]"
CC_05,Coin Change,canonical,Qwen/Qwen2.5-0.5B-Instruct,-1,24,"[0.8413, 0.9043, 0.8825, 0.8577, 0.817, 0.8185, 0.8261, 0.8342, 0.8177, 0.8251, 0.8419, 0.8411, 0.8402, 0.8283, 0.8429, 0.8577, 0.8463, 0.8564, 0.8633, 0.8604, 0.889, 0.9106, 0.9, 0.7743]"
CC_06,Coin Change,canonical,Qwen/Qwen2.5-0.5B-Instruct,-1,24,"[0.8417, 0.9044, 0.883, 0.8585, 0.8184, 0.8191, 0.8257, 0.8334, 0.8151, 0.8211, 0.8389, 0.8373, 0.8363, 0.8251, 0.84, 0.8546, 0.8438, 0.8528, 0.8603, 0.8576, 0.8856, 0.9083, 0.8969, 0.764]"
CC_07,Coin Change,canonical,Qwen/Qwen2.5-0.5B-Instruct,-1,24,"[0.8416, 0.9046, 0.8828, 0.8581, 0.8184, 0.8194, 0.8261, 0.8336, 0.8152, 0.8216, 0.8392, 0.8376, 0.8366, 0.8255, 0.8406, 0.8554, 0.8444, 0.8537, 0.8616, 0.8589, 0.8871, 0.9093, 0.8981, 0.7634]"
CC_08,Coin Change,canonical,Qwen/Qwen2.5-0.5B-Instruct,-1,24,"[0.8417, 0.9043, 0.8832, 0.8584, 0.8186, 0.8198, 0.8263, 0.8339, 0.8158, 0.8218, 0.8397, 0.8381, 0.8367, 0.8257, 0.8407, 0.8554, 0.8449, 0.8538, 0.8614, 0.859, 0.8866, 0.9091, 0.8981, 0.7648]"
CC_09,Coin Change,canonical,Qwen/Qwen2.5-0.5B-Instruct,-1,24,"[0.8415, 0.9047, 0.8844, 0.8595, 0.8186, 0.8188, 0.8251, 0.8324, 0.8146, 0.8209, 0.8391, 0.837, 0.8368, 0.8247, 0.8389, 0.8537, 0.8434, 0.8534, 0.8613, 0.8593, 0.8874, 0.911, 0.9007, 0.7729]"
CC_10,Coin Change,canonical,Qwen/Qwen2.5-0.5B-Instruct,-1,24,"[0.8408, 0.9043, 0.8821, 0.8449, 0.809, 0.8085, 0.8173, 0.8252, 0.8082, 0.8132, 0.832, 0.83, 0.8289, 0.8143, 0.8313, 0.8464, 0.8382, 0.8494, 0.8571, 0.8562, 0.887, 0.9103, 0.8982, 0.7629]"
SP_001,Algorithmic Suit,canonical,Qwen/Qwen2.5-0.5B-Instruct,-1,24,"[0.3901, 0.5424, 0.5678, 0.5396, 0.5336, 0.547, 0.5701, 0.6017, 0.5898, 0.5566, 0.5844, 0.5827, 0.581, 0.5327, 0.5698, 0.5583, 0.5689, 0.6145, 0.6115, 0.607, 0.7046, 0.7614, 0.7602, 0.456]"
SP_002,Algorithmic Suit,canonical,Qwen/Qwen2.5-0.5B-Instruct,-1,24,"[0.3852, 0.5397, 0.5679, 0.5386, 0.5296, 0.5475, 0.572, 0.6079, 0.5967, 0.568, 0.5973, 0.597, 0.5898, 0.5499, 0.5888, 0.5749, 0.5762, 0.607, 0.5963, 0.5809, 0.6856, 0.7493, 0.7495, 0.4028]"
SP_003,Algorithmic Suit,canonical,Qwen/Qwen2.5-0.5B-Instruct,-1,24,"[0.3866, 0.5401, 0.5713, 0.5437, 0.5408, 0.557, 0.58, 0.6115, 0.6068, 0.5771, 0.604, 0.6079, 0.6025, 0.5777, 0.6123, 0.6154, 0.6209, 0.6752, 0.6731, 0.6675, 0.7433, 0.788, 0.7783, 0.5176]"
SP_004,Algorithmic Suit,canonical,Qwen/Qwen2.5-0.5B-Instruct,-1,24,"[0.386, 0.538, 0.5654, 0.5399, 0.5334, 0.5487, 0.581, 0.6102, 0.5946, 0.5631, 0.591, 0.6009, 0.5944, 0.5481, 0.5866, 0.5847, 0.595, 0.6548, 0.6462, 0.6434, 0.7268, 0.7934, 0.7866, 0.5346]"
SP_005,Algorithmic Suit,canonical,Qwen/Qwen2.5-0.5B-Instruct,-1,24,"[0.6758, 0.757, 0.7832, 0.7681, 0.7727, 0.7804, 0.79, 0.795, 0.7791, 0.736, 0.7504, 0.7597, 0.7629, 0.7118, 0.7345, 0.7392, 0.7402, 0.7701, 0.779, 0.7924, 0.8155, 0.823, 0.8131, 0.607]"
WIS_001,Algorithmic Suit,canonical,Qwen/Qwen2.5-0.5B-Instruct,-1,24,"[0.4295, 0.5721, 0.5973, 0.5614, 0.5294, 0.553, 0.5863, 0.6138, 0.5926, 0.5727, 0.5749, 0.5752, 0.5911, 0.5799, 0.5919, 0.6295, 0.6353, 0.6731, 0.6762, 0.6691, 0.7265, 0.7489, 0.7322, 0.5578]"
WIS_002,Algorithmic Suit,canonical,Qwen/Qwen2.5-0.5B-Instruct,-1,24,"[0.426, 0.5723, 0.594, 0.5607, 0.5283, 0.5515, 0.5816, 0.6108, 0.5962, 0.5752, 0.5824, 0.5885, 0.6049, 0.6009, 0.6222, 0.6494, 0.6609, 0.7035, 0.7072, 0.7225, 0.7638, 0.7788, 0.7561, 0.5992]"
WIS_003,Algorithmic Suit,canonical,Qwen/Qwen2.5-0.5B-Instruct,-1,24,"[0.4231, 0.5702, 0.5967, 0.5652, 0.5323, 0.5484, 0.584, 0.6122, 0.5929, 0.5807, 0.5878, 0.5976, 0.6002, 0.5935, 0.615, 0.6356, 0.6373, 0.664, 0.6735, 0.6829, 0.7596, 0.8048, 0.7944, 0.5998]"
WIS_004,Algorithmic Suit,canonical,Qwen/Qwen2.5-0.5B-Instruct,-1,24,"[0.7112, 0.7809, 0.8004, 0.7896, 0.7736, 0.789, 0.8096, 0.8291, 0.8158, 0.8, 0.8116, 0.8206, 0.8301, 0.8316, 0.8384, 0.8484, 0.8485, 0.8666, 0.8654, 0.8617, 0.8737, 0.8814, 0.8703, 0.7647]"
WIS_005,Algorithmic Suit,canonical,Qwen/Qwen2.5-0.5B-Instruct,-1,24,"[0.7097, 0.7836, 0.8038, 0.7956, 0.7792, 0.7949, 0.811, 0.8338, 0.8205, 0.8016, 0.8108, 0.8211, 0.8342, 0.8316, 0.8327, 0.8379, 0.8367, 0.8557, 0.8518, 0.8332, 0.8283, 0.8164, 0.7957, 0.7086]"
